{
  "loss": [
    1.548051357269287,
    1.2295513153076172,
    0.9484231472015381,
    0.7907821536064148,
    0.6449890732765198,
    0.5324951410293579,
    0.49024829268455505,
    0.4162645936012268,
    0.3409609794616699,
    0.3416247069835663,
    0.29727473855018616,
    0.27027058601379395,
    0.21715795993804932,
    0.2562526762485504,
    0.20540405809879303,
    0.1977085918188095,
    0.21977102756500244,
    0.24410788714885712,
    0.18503893911838531,
    0.15469375252723694,
    0.14990338683128357,
    0.14550310373306274,
    0.1416214108467102,
    0.14113891124725342
  ],
  "accuracy": [
    0.37584802508354187,
    0.5725916028022766,
    0.7155133485794067,
    0.7860696315765381,
    0.8516508340835571,
    0.8828584551811218,
    0.9014020562171936,
    0.9271822571754456,
    0.9507010579109192,
    0.9466304779052734,
    0.9579375982284546,
    0.9660786986351013,
    0.9810040593147278,
    0.9719583988189697,
    0.9859791994094849,
    0.9846223592758179,
    0.9814563393592834,
    0.9706015586853027,
    0.9855269193649292,
    0.9963817000389099,
    0.9968340396881104,
    0.998643159866333,
    0.9990954399108887,
    0.9990954399108887
  ],
  "val_loss": [
    1.2887719869613647,
    0.872642993927002,
    0.6747791767120361,
    0.7668379545211792,
    0.6044947504997253,
    0.6731001138687134,
    0.43667492270469666,
    0.43457740545272827,
    0.6632482409477234,
    0.49693354964256287,
    0.4110388457775116,
    0.532823920249939,
    0.48279857635498047,
    0.3815890848636627,
    0.4581916034221649,
    0.4341638386249542,
    0.3832051455974579,
    0.5108196139335632,
    0.412866473197937,
    0.4155740737915039,
    0.3886353075504303,
    0.4516467750072479,
    0.4775327444076538,
    0.43131300806999207
  ],
  "val_accuracy": [
    0.5443037748336792,
    0.7436708807945251,
    0.8180379867553711,
    0.8022152185440063,
    0.875,
    0.8560126423835754,
    0.9129746556282043,
    0.9098101258277893,
    0.8765822649002075,
    0.9018987417221069,
    0.9287974834442139,
    0.9113923907279968,
    0.9367088675498962,
    0.9319620132446289,
    0.9319620132446289,
    0.9414557218551636,
    0.9335442781448364,
    0.9082278609275818,
    0.9303797483444214,
    0.9430379867553711,
    0.9446202516555786,
    0.9430379867553711,
    0.9398733973503113,
    0.9477847814559937
  ],
  "lr": [
    9.999999747378752e-05,
    9.999999747378752e-05,
    9.999999747378752e-05,
    9.999999747378752e-05,
    9.999999747378752e-05,
    9.999999747378752e-05,
    9.999999747378752e-05,
    9.999999747378752e-05,
    9.999999747378752e-05,
    9.999999747378752e-05,
    9.999999747378752e-05,
    9.999999747378752e-05,
    9.999999747378752e-05,
    9.999999747378752e-05,
    9.999999747378752e-05,
    9.999999747378752e-05,
    9.999999747378752e-05,
    9.999999747378752e-05,
    9.999999747378752e-05,
    4.999999873689376e-05,
    4.999999873689376e-05,
    4.999999873689376e-05,
    4.999999873689376e-05,
    4.999999873689376e-05
  ]
}