{
  "loss": [
    1.4077900648117065,
    1.0993812084197998,
    1.0281338691711426,
    0.9931825995445251,
    0.9437224268913269,
    0.9117433428764343,
    0.882133960723877,
    0.8537563681602478,
    0.8352592587471008,
    0.8048322796821594,
    0.784900426864624,
    0.7580044269561768,
    0.7319245934486389,
    0.70953768491745,
    0.6951790452003479,
    0.6642589569091797,
    0.6479518413543701,
    0.6291407346725464,
    0.5993545055389404,
    0.5733000636100769,
    0.5588756799697876,
    0.5473762154579163,
    0.5171864628791809,
    0.5020808577537537,
    0.4806400537490845,
    0.46623244881629944,
    0.45340976119041443,
    0.42720741033554077,
    0.4156918227672577,
    0.4010072350502014
  ],
  "dice_coefficient": [
    0.1666761338710785,
    0.22930467128753662,
    0.2586124837398529,
    0.27752789855003357,
    0.29813146591186523,
    0.31573373079299927,
    0.32999420166015625,
    0.3464210629463196,
    0.360183984041214,
    0.3776818811893463,
    0.38938266038894653,
    0.40777260065078735,
    0.4251945912837982,
    0.4410801827907562,
    0.4536646008491516,
    0.4736499786376953,
    0.4848388731479645,
    0.5009005069732666,
    0.5213552117347717,
    0.5414330959320068,
    0.551726222038269,
    0.5631986260414124,
    0.5860968232154846,
    0.5978879928588867,
    0.6153163909912109,
    0.6280027627944946,
    0.6388780474662781,
    0.6593658924102783,
    0.6671731472015381,
    0.6778887510299683
  ],
  "binary_accuracy": [
    0.7603746056556702,
    0.9347054362297058,
    0.9406319260597229,
    0.9429675936698914,
    0.9463968873023987,
    0.9490150809288025,
    0.9514551162719727,
    0.9530962705612183,
    0.9544808268547058,
    0.9561430215835571,
    0.9573177099227905,
    0.9589717388153076,
    0.9609643220901489,
    0.9618390202522278,
    0.9621955156326294,
    0.964424729347229,
    0.9645992517471313,
    0.9659993052482605,
    0.9680973291397095,
    0.9695892333984375,
    0.9698034524917603,
    0.9699450135231018,
    0.9721894860267639,
    0.9726375937461853,
    0.9738976955413818,
    0.9743938446044922,
    0.9747831225395203,
    0.9765749573707581,
    0.9769818186759949,
    0.9777162671089172
  ],
  "val_loss": [
    1.29330313205719,
    1.1781678199768066,
    1.1637001037597656,
    1.151228904724121,
    1.1313568353652954,
    1.0433530807495117,
    0.9159547686576843,
    0.8617927432060242,
    0.8429780006408691,
    0.8074214458465576,
    0.790862500667572,
    0.8925944566726685,
    0.769541323184967,
    0.7713738083839417,
    0.7156801819801331,
    0.7494198083877563,
    0.7439024448394775,
    0.6652575135231018,
    0.7182562947273254,
    0.6727718710899353,
    0.6244648694992065,
    0.6245824694633484,
    0.6170222759246826,
    0.6672409772872925,
    0.5703269839286804,
    0.597862958908081,
    0.5651055574417114,
    0.5514072179794312,
    0.5600574612617493,
    0.549964427947998
  ],
  "val_dice_coefficient": [
    0.09212742745876312,
    0.08399447053670883,
    0.07948675751686096,
    0.0799877867102623,
    0.08562552183866501,
    0.15550512075424194,
    0.2778650224208832,
    0.3360555171966553,
    0.363232284784317,
    0.3832842707633972,
    0.39892300963401794,
    0.3811799883842468,
    0.4122592806816101,
    0.4279941916465759,
    0.446160227060318,
    0.44770902395248413,
    0.4562501013278961,
    0.46683651208877563,
    0.4741283059120178,
    0.4995132386684418,
    0.513753354549408,
    0.5253499746322632,
    0.5223792791366577,
    0.5165547132492065,
    0.5577505230903625,
    0.5545486807823181,
    0.5585666298866272,
    0.5806628465652466,
    0.5862793922424316,
    0.5846472382545471
  ],
  "val_binary_accuracy": [
    0.9462445974349976,
    0.9463041424751282,
    0.9463041424751282,
    0.9463041424751282,
    0.9461172819137573,
    0.948127806186676,
    0.9501615166664124,
    0.9484114646911621,
    0.9434821009635925,
    0.9474325180053711,
    0.9474600553512573,
    0.9167757630348206,
    0.9481698870658875,
    0.9454570412635803,
    0.956049382686615,
    0.9428659677505493,
    0.9429311752319336,
    0.9637966752052307,
    0.9402213096618652,
    0.951107919216156,
    0.9612947106361389,
    0.957609236240387,
    0.9594727754592896,
    0.9444435238838196,
    0.962778627872467,
    0.9541318416595459,
    0.9635949730873108,
    0.9623055458068848,
    0.9586194157600403,
    0.9619078040122986
  ],
  "lr": [
    9.999999747378752e-05,
    9.999999747378752e-05,
    9.999999747378752e-05,
    9.999999747378752e-05,
    9.999999747378752e-05,
    9.999999747378752e-05,
    9.999999747378752e-05,
    9.999999747378752e-05,
    9.999999747378752e-05,
    9.999999747378752e-05,
    9.999999747378752e-05,
    9.999999747378752e-05,
    9.999999747378752e-05,
    9.999999747378752e-05,
    9.999999747378752e-05,
    9.999999747378752e-05,
    9.999999747378752e-05,
    9.999999747378752e-05,
    9.999999747378752e-05,
    9.999999747378752e-05,
    9.999999747378752e-05,
    9.999999747378752e-05,
    9.999999747378752e-05,
    9.999999747378752e-05,
    9.999999747378752e-05,
    9.999999747378752e-05,
    9.999999747378752e-05,
    9.999999747378752e-05,
    9.999999747378752e-05,
    9.999999747378752e-05
  ]
}